user_id,email,age,name
dd7f12a8-ad8c-442d-99b4-bcde18de5aa7,juanliao@example.org,77,黄帆
e68c08e0-44d9-430f-8e76-7b60684cf333,weijing@example.org,70,黄磊
b4064a55-a1bc-4343-8f10-70a2a2038bff,jing22@example.org,69,韩雪
bf601537-35b4-46ba-b610-ca23ec9d8448,weichen@example.com,38,邵雪
88f4a2f6-2314-43b0-89ac-de3e5b58ac14,pingpeng@example.com,62,王霞
f41ce27e-c7e1-4c49-b0be-714edd12b1ee,wanjun@example.org,21,刘红梅
8fee9ade-aad6-4521-a381-6b49a94023fd,ctan@example.org,65,桑楠
4201a848-ed59-44da-affe-6cb40e2147fd,jiechang@example.org,49,安旭
3e1109fd-2b96-4a82-9101-879b0ec6b6ae,xgu@example.net,37,石秀荣
c357ff19-363e-4857-93de-5e62dd11cb7b,wei83@example.com,20,胡桂英
ab6bbc80-030b-4c97-9b3e-248ca04d9499,yan23@example.net,51,刘俊
bc3b59e0-979f-489d-a95f-3fef4380cec7,li26@example.net,54,周静
de2c0ee0-e830-4c08-b16c-36d2bb944dfb,kyin@example.com,40,陈峰
6e12711a-bc69-4a6a-842e-c6f48a22f142,szhao@example.org,38,孙健
cb2103fd-b734-4b25-bd56-9bf3408286ac,wyao@example.com,36,魏桂珍
7ac56ceb-bfbc-4b5b-997c-a2d9a8783ccb,moli@example.org,58,孙雷
84fc164e-50a0-4e36-8cb3-469f99f19dea,ping92@example.com,65,张瑜
26454467-cba4-44ee-8455-efde6a94bd57,ohuang@example.org,69,王兵
45b3ae68-c19a-40c7-8aa2-ab8f870eaca7,mzhou@example.net,63,况建军
3b407051-eae3-4d87-8b2a-b846bc0e0026,jiangmin@example.net,49,王畅
68215224-75e6-40ef-ac7f-76f63405e4f2,fengyong@example.net,31,司萍
05b9dba5-b4d7-462f-9e3e-a2c0229c8e75,jieyan@example.com,54,周玉梅
264413a7-b368-4f5f-b4e8-3746ce88463b,wei32@example.com,73,汤建军
7467e4a0-4c36-4660-adef-d4dcf42b537b,bjin@example.net,70,刘东
6a1b5723-4a05-432d-805c-275e268d1a67,junlai@example.com,47,李莹
9b4ed0b6-5756-4bd7-ad42-c82dd94af380,uhao@example.com,57,季红霞
9381d7b5-1137-42da-8315-7f40a103ae92,pingren@example.org,41,陈明
8badc3e5-18d6-4232-bda5-237d1563836f,yang51@example.net,19,梁莉
52e1d3a5-9629-449b-9229-3c209103ac31,natang@example.org,41,孙丽娟
6338ee34-87c4-42d9-aac9-398acf0b0d96,li40@example.net,31,郭磊
95351ddf-4b3e-48f5-b4f3-0d317ed53c88,gangtang@example.org,62,吴秀兰
32caed12-7210-46c6-94d9-0f9cff0b587a,gangjin@example.com,27,王洁
d5588a31-5f75-45b3-8545-9d64092a1bd9,taotao@example.net,36,徐秀珍
422e0016-8460-4110-b46c-b6d3325e4713,gongna@example.com,64,杨俊
e47bcc9a-6d81-4147-92f4-af4d33b0cc58,wei97@example.com,39,徐宇
fc757d95-570d-4b62-9180-9819d1140dca,li01@example.org,79,张秀兰
6e4fb7d7-8b1b-4973-9b6a-d9c5877eeced,pingma@example.com,78,郭健
ed523ce5-e025-4127-9003-acfd527e1af4,naxiong@example.org,60,黄颖
579210fd-3917-42e6-99a5-e709d94e135c,matao@example.org,34,郑建平
50d06f73-a899-4bb3-9155-5596ee381956,shiyang@example.org,74,邓志强
7812d327-f567-40f1-91be-22e0a12e844d,fhe@example.com,67,周飞
e440c76b-5d93-493d-b289-35233ad4fb7a,guiying09@example.com,46,齐燕
317b4d55-873d-4853-9660-7110d6614b07,tao62@example.net,26,张婷婷
11bdb60d-3978-4204-a57c-ec2e17a3e5b8,ashao@example.net,40,葛静
44dc6ced-465b-4c42-aa90-7208129b90b7,qiang17@example.org,21,秦洁
cdc4f41d-5d1b-4c82-b64a-9fd85f600434,itao@example.com,33,唐兰英
f9899e40-1d4d-4f7b-a70e-0388cd2683ed,yong61@example.org,69,何桂芳
4ee47fc1-2ecf-4f9e-af32-01064719013d,ejiang@example.org,43,王芳
10c1e544-232f-4366-b4db-cb00e250f657,tanjuan@example.net,74,陈晨
8af89902-4952-45ed-b6d7-209ebb7e5680,xiatan@example.com,47,韩俊
bd48d129-64e6-42bd-a6f0-a48e6c0f2ed5,wei09@example.net,68,杨慧
b329b771-4be5-44f7-a434-dc0f47dbc249,minlei@example.org,61,李丽娟
c5aacaec-c818-4f5c-a992-c65b5c45432f,xia06@example.com,58,杨平
322f5387-0e91-40f6-af00-defe2c8f5bec,chaokang@example.com,46,张秀兰
39df9ef5-66b3-433b-827f-f455970300d0,ztian@example.org,78,王超
3fa9b4d3-9788-4033-a671-63b18c3b7bb6,yanbai@example.com,53,周博
655b7712-e0d3-4970-924c-3a4cda014a82,ukang@example.com,23,牛桂香
e0faee45-9f6b-45f3-b627-c02bee90e6b2,daiping@example.com,63,周鹏
0a7cf7d9-e112-4e67-8b5b-05a4be329ce1,sunjuan@example.com,52,王华
a96b4be9-52f8-480b-90b0-26f645f8cc80,jieren@example.org,26,黄兵
90c93494-3363-49b4-b681-2c184bf5b94c,minwu@example.org,53,赵鑫
53cbc029-da9e-46cd-a149-21b87654ffc6,cli@example.org,60,姜秀珍
7cb6f503-f02b-40c5-8bd3-28e7b6a244d4,yan27@example.org,52,汪文
4d728bb5-5433-4035-9946-9a4ad2d38b7b,sgong@example.net,47,孙婷婷
6173bb4e-df96-45e5-891c-5f03169062c1,shenxiulan@example.org,70,王佳
80d4866c-cba6-442c-9482-111df0dd57f3,wei37@example.net,27,刘勇
6cc32e99-afe2-4f9f-9b63-f623f19a66c7,qiang42@example.net,34,罗宁
98530bb8-41ae-4f35-b8d0-087aac7cf16e,ming73@example.com,39,苏阳
d27cb96c-e7b8-49b5-aaf8-fd632849efde,jiaguiying@example.org,73,童宁
04117936-d186-4225-ba59-14402c0a16c4,tanyan@example.com,31,刘坤
bcd41699-7f66-4f5d-9440-b5a9c9fde1d1,lei04@example.org,64,刘岩
078c4f61-9d79-40c3-848e-abd9f718a09b,wenjun@example.net,72,房波
9a77370d-0760-42a8-86fe-95cdae7d6356,mingzhu@example.net,74,李欢
e5aba1b3-b47e-40f6-9ffc-4ce0495ec3c5,sxu@example.net,19,巫雪
2ab1ff98-4b0e-410a-8092-ebd0da07fab0,qiangang@example.com,54,张坤
70c19b7c-9d88-42c1-ac39-3f2cdc695254,tiantao@example.net,35,车勇
871c2ebc-21de-4fc4-89d0-3021aa851faa,nyang@example.org,76,张玉华
fb8d44cf-2e5b-49be-a27f-d77352972b50,taohu@example.net,26,曹凤英
911f1be4-7db8-4782-aac4-736f9b8fae9c,xialiao@example.org,63,蔡洋
b6d1f872-7b9b-4ef7-8c1c-496a5e466ed4,dlu@example.org,65,马玉兰
9d74b69f-c1c9-494a-885f-301125daa727,yang48@example.net,30,韦萍
cabce37c-8798-4f29-ac73-7bc405db4382,qli@example.com,56,刘阳
8ff60f79-4af0-40b9-9b12-5180bb0b6e50,zyu@example.org,59,刘林
154e2df6-656e-4b4f-8091-0c2d537712b1,fangcui@example.com,46,陈颖
d0426f67-54bc-49da-be05-74ca5023aa23,xiuyingguo@example.org,72,王倩
d7dcf463-53e9-4222-a608-e93c63ff4d82,wzhang@example.org,41,孙丽丽
4b1d339f-fc40-49bc-a669-4ae371d8af1d,chenggang@example.org,56,吴岩
135ac2e2-4a3f-4ba3-a799-8f8d1bd70334,dingping@example.net,61,张淑兰
415c00cf-4825-4049-98db-2d9ea9dce421,jing49@example.com,38,张志强
2cfcd720-bba9-415b-8d0d-8f71f12d7a9b,weiqin@example.com,66,陈帆
0aa3216f-0c11-4c36-b39d-ccd89475b758,juan23@example.com,25,刘桂英
13540c53-a6d7-499f-8de3-538e5f57faa0,min97@example.com,79,姚建
ae4c3349-572d-4751-b89b-955d559609c4,panping@example.com,21,罗欢
d048122f-0b99-4056-b8a4-c2ec736f42ea,houna@example.net,59,李明
d849cb88-5952-48e2-bbdf-51f5f4e74371,ping92@example.net,40,桂英
808890fc-8a2b-458f-99d3-0aedc8e31d36,nalin@example.com,74,沈桂英
1bb74b9c-8f0b-4463-b445-c51301c5a2e6,jiewu@example.org,37,熊凯
44ce50f8-2b7d-4dc9-9f86-24170c6020f3,li01@example.com,70,张磊
4299dee0-d7f7-4af3-a839-c744ffa7baef,jun11@example.net,78,余凤兰
6f2fc997-d225-444b-bf02-47c61452b31d,yanwei@example.org,65,黎建军
